{
  "project_info": {
    "project_number": "584069373221",
    "project_id": "loginfirebase-b8f3c",
    "storage_bucket": "loginfirebase-b8f3c.appspot.com"
  },
  "client": [
    {
      "client_info": {
        "mobilesdk_app_id": "1:584069373221:android:1b98d8f256326f09614ecc",
        "android_client_info": {
          "package_name": "com.example.projeklogin"
        }
      },
      "oauth_client": [
        {
          "client_id": "584069373221-sispr071guir6vsfo9n8kj4s3mc3he16.apps.googleusercontent.com",
          "client_type": 3
        }
      ],
      "api_key": [
        {
          "current_key": "AIzaSyDLpvBNkAOKpPvcA5BvU9Y-KusHnEsJp_I"
        }
      ],
      "services": {
        "appinvite_service": {
          "other_platform_oauth_client": [
            {
              "client_id": "584069373221-sispr071guir6vsfo9n8kj4s3mc3he16.apps.googleusercontent.com",
              "client_type": 3
            }
          ]
        }
      }
    }
  ],
  "configuration_version": "1"
}